<?xml version="1.0" encoding="UTF-8"?>
<services xmlns="http://www.demandware.com/xml/impex/services/2014-09-26">
    <service-credential service-credential-id="Catch.API.Develop.Staging">
        <url>https://dev.api.getcatch.com/v1/</url>
        <user-id/>
    </service-credential>

    <service-credential service-credential-id="Catch.API.Production">
        <url>https://api.getcatch.com/v1/</url>
        <user-id/>
    </service-credential>

    <service-profile service-profile-id="Catch">
        <timeout-millis>5000</timeout-millis>
        <rate-limit-enabled>false</rate-limit-enabled>
        <rate-limit-calls>0</rate-limit-calls>
        <rate-limit-millis>0</rate-limit-millis>
        <cb-enabled>true</cb-enabled>
        <cb-calls>5</cb-calls>
        <cb-millis>10000</cb-millis>
    </service-profile>

    <service service-id="catch.http.develop.staging">
        <service-type>HTTP</service-type>
        <enabled>true</enabled>
        <log-prefix/>
        <comm-log-enabled>false</comm-log-enabled>
        <force-prd-enabled>true</force-prd-enabled>
        <mock-mode-enabled>false</mock-mode-enabled>
        <profile-id>Catch</profile-id>
        <credential-id>Catch.API.Develop.Staging</credential-id>
    </service>

    <service service-id="catch.http.production">
        <service-type>HTTP</service-type>
        <enabled>true</enabled>
        <log-prefix/>
        <comm-log-enabled>false</comm-log-enabled>
        <force-prd-enabled>true</force-prd-enabled>
        <mock-mode-enabled>false</mock-mode-enabled>
        <profile-id>Catch</profile-id>
        <credential-id>Catch.API.Production</credential-id>
    </service>

</services>
